Title,Media URL,Pinterest board,Thumbnail,Description,Link,Publish date,Keywords
重い飲み物は箱買いでラクに｜ラベルレスのお茶・水・炭酸水まとめ,https://ai-fukugyo-media.github.io/pinterest-sites/jp/pins/drinks-bulk-01.jpg,楽天でお得に暮らす,,"※PR ペットボトルの買い出しは重くて大変。楽天のレビュー評価4.6以上・レビュー3,000件以上から、まとめ買いしやすいお茶・水・炭酸水を集めました。 価格・送料は商品ページで確認してください。",https://ai-fukugyo-media.github.io/pinterest-sites/jp/drinks-bulk/,2026-10-03T11:00:00,"まとめ買い,ペットボトル,ラベルレス,ストック,楽天"
1本50円前後のラベルレス緑茶｜ラベルレスのお茶・水・炭酸水まとめ,https://ai-fukugyo-media.github.io/pinterest-sites/jp/pins/drinks-bulk-02.jpg,楽天でお得に暮らす,,"※PR ペットボトルの買い出しは重くて大変。楽天のレビュー評価4.6以上・レビュー3,000件以上から、まとめ買いしやすいお茶・水・炭酸水を集めました。 価格・送料は商品ページで確認してください。",https://ai-fukugyo-media.github.io/pinterest-sites/jp/drinks-bulk/,2026-10-04T11:00:00,"まとめ買い,ペットボトル,ラベルレス,ストック,楽天"
レビュー5万件超のシリカ水｜ラベルレスのお茶・水・炭酸水まとめ,https://ai-fukugyo-media.github.io/pinterest-sites/jp/pins/drinks-bulk-03.jpg,楽天でお得に暮らす,,"※PR ペットボトルの買い出しは重くて大変。楽天のレビュー評価4.6以上・レビュー3,000件以上から、まとめ買いしやすいお茶・水・炭酸水を集めました。 価格・送料は商品ページで確認してください。",https://ai-fukugyo-media.github.io/pinterest-sites/jp/drinks-bulk/,2026-10-05T11:00:00,"まとめ買い,ペットボトル,ラベルレス,ストック,楽天"
水は48本まとめてストック｜ラベルレスのお茶・水・炭酸水まとめ,https://ai-fukugyo-media.github.io/pinterest-sites/jp/pins/drinks-bulk-04.jpg,楽天でお得に暮らす,,"※PR ペットボトルの買い出しは重くて大変。楽天のレビュー評価4.6以上・レビュー3,000件以上から、まとめ買いしやすいお茶・水・炭酸水を集めました。 価格・送料は商品ページで確認してください。",https://ai-fukugyo-media.github.io/pinterest-sites/jp/drinks-bulk/,2026-10-06T11:00:00,"まとめ買い,ペットボトル,ラベルレス,ストック,楽天"
強炭酸を箱でストック｜ラベルレスのお茶・水・炭酸水まとめ,https://ai-fukugyo-media.github.io/pinterest-sites/jp/pins/drinks-bulk-05.jpg,楽天でお得に暮らす,,"※PR ペットボトルの買い出しは重くて大変。楽天のレビュー評価4.6以上・レビュー3,000件以上から、まとめ買いしやすいお茶・水・炭酸水を集めました。 価格・送料は商品ページで確認してください。",https://ai-fukugyo-media.github.io/pinterest-sites/jp/drinks-bulk/,2026-10-07T11:00:00,"まとめ買い,ペットボトル,ラベルレス,ストック,楽天"
お米は通販でまとめ買い｜レビュー評価4.6以上の人気米5選,https://ai-fukugyo-media.github.io/pinterest-sites/jp/pins/rice-bulk-01.jpg,楽天でお得に暮らす,,"※PR 10kgのお米を持ち帰るのは大変。楽天のレビュー評価4.6以上・レビュー6,000件以上の人気米から、玄関まで届けてもらえるものを集めました。 価格・送料は商品ページで確認してください。",https://ai-fukugyo-media.github.io/pinterest-sites/jp/rice-bulk/,2026-10-08T11:00:00,"お米,まとめ買い,新米,無洗米,楽天"
ゆめぴりか10kgを玄関まで｜レビュー評価4.6以上の人気米5選,https://ai-fukugyo-media.github.io/pinterest-sites/jp/pins/rice-bulk-02.jpg,楽天でお得に暮らす,,"※PR 10kgのお米を持ち帰るのは大変。楽天のレビュー評価4.6以上・レビュー6,000件以上の人気米から、玄関まで届けてもらえるものを集めました。 価格・送料は商品ページで確認してください。",https://ai-fukugyo-media.github.io/pinterest-sites/jp/rice-bulk/,2026-10-09T11:00:00,"お米,まとめ買い,新米,無洗米,楽天"
レビュー2万件超のひとめぼれ｜レビュー評価4.6以上の人気米5選,https://ai-fukugyo-media.github.io/pinterest-sites/jp/pins/rice-bulk-03.jpg,楽天でお得に暮らす,,"※PR 10kgのお米を持ち帰るのは大変。楽天のレビュー評価4.6以上・レビュー6,000件以上の人気米から、玄関まで届けてもらえるものを集めました。 価格・送料は商品ページで確認してください。",https://ai-fukugyo-media.github.io/pinterest-sites/jp/rice-bulk/,2026-10-10T11:00:00,"お米,まとめ買い,新米,無洗米,楽天"
研がずに炊ける無洗米｜レビュー評価4.6以上の人気米5選,https://ai-fukugyo-media.github.io/pinterest-sites/jp/pins/rice-bulk-04.jpg,楽天でお得に暮らす,,"※PR 10kgのお米を持ち帰るのは大変。楽天のレビュー評価4.6以上・レビュー6,000件以上の人気米から、玄関まで届けてもらえるものを集めました。 価格・送料は商品ページで確認してください。",https://ai-fukugyo-media.github.io/pinterest-sites/jp/rice-bulk/,2026-10-11T11:00:00,"お米,まとめ買い,新米,無洗米,楽天"
容量を選べるお助け米｜レビュー評価4.6以上の人気米5選,https://ai-fukugyo-media.github.io/pinterest-sites/jp/pins/rice-bulk-05.jpg,楽天でお得に暮らす,,"※PR 10kgのお米を持ち帰るのは大変。楽天のレビュー評価4.6以上・レビュー6,000件以上の人気米から、玄関まで届けてもらえるものを集めました。 価格・送料は商品ページで確認してください。",https://ai-fukugyo-media.github.io/pinterest-sites/jp/rice-bulk/,2026-10-12T11:00:00,"お米,まとめ買い,新米,無洗米,楽天"
